,year,place
0,2020,Big Sur
1,2020,Yosemite
2,2020,Yosemite
3,2020,Yosemite
4,2020,Mt Diablo
5,2020,Yosemite
6,2020,Mt Diablo
7,2020,Yosemite
8,2020,Mt Diablo
9,2020,Yosemite
10,2020,Big Sur
11,2019,Yosemite
12,2019,Mt Diablo
13,2019,Big Sur
14,2019,Big Sur
15,2019,Big Sur
16,2019,Yosemite
17,2019,Big Sur
18,2019,Big Sur
19,2019,Yosemite
20,2019,Yosemite
21,2019,Mt Diablo
22,2019,Big Sur
23,2019,Big Sur
24,2019,Big Sur
25,2019,Yosemite
26,2019,Yosemite
27,2019,Yosemite
28,2019,Yosemite
29,2019,Big Sur
30,2019,Mt Diablo
31,2019,Yosemite
32,2019,Big Sur
33,2019,Yosemite
34,2019,Big Sur
35,2019,Big Sur
36,2019,Big Sur
37,2019,Yosemite
38,2019,Yosemite
39,2019,Yosemite
40,2019,Mt Diablo
41,2019,Yosemite
42,2019,Mt Diablo
43,2019,Big Sur
44,2019,Mt Diablo
45,2019,Big Sur
46,2019,Yosemite
47,2019,Yosemite
48,2019,Mt Diablo
49,2019,Yosemite
50,2019,Big Sur
51,2019,Yosemite
52,2019,Mt Diablo
53,2019,Yosemite
54,2019,Yosemite
55,2019,Yosemite
56,2019,Big Sur
57,2019,Mt Diablo
58,2019,Yosemite
59,2019,Yosemite
60,2019,Yosemite
61,2019,Big Sur
62,2019,Big Sur
63,2019,Big Sur
64,2019,Yosemite
65,2019,Big Sur
66,2019,Yosemite
67,2019,Mt Diablo
68,2019,Mt Diablo
69,2019,Big Sur
70,2019,Big Sur
71,2019,Yosemite
72,2019,Yosemite
73,2019,Yosemite
74,2019,Big Sur
75,2019,Mt Diablo
76,2019,Big Sur
77,2019,Mt Diablo
78,2019,Yosemite
79,2019,Mt Diablo
80,2019,Big Sur
81,2019,Yosemite
82,2019,Yosemite
83,2019,Mt Diablo
84,2019,Yosemite
85,2019,Yosemite
86,2019,Big Sur
87,2019,Mt Diablo
88,2019,Yosemite
89,2019,Yosemite
90,2019,Yosemite
91,2019,Big Sur
92,2019,Big Sur
93,2019,Yosemite
94,2019,Big Sur
95,2019,Big Sur
96,2019,Big Sur
97,2019,Mt Diablo
98,2019,Big Sur
99,2019,Mt Diablo
100,2019,Big Sur
101,2019,Yosemite
102,2019,Mt Diablo
103,2019,Big Sur
104,2019,Mt Diablo
105,2019,Big Sur
106,2019,Yosemite
107,2019,Big Sur
108,2019,Big Sur
109,2019,Big Sur
110,2019,Yosemite
111,2019,Yosemite
112,2019,Mt Diablo
113,2019,Big Sur
114,2019,Mt Diablo
115,2019,Big Sur
116,2019,Mt Diablo
117,2019,Yosemite
118,2019,Yosemite
119,2019,Yosemite
120,2019,Mt Diablo
121,2019,Mt Diablo
122,2019,Yosemite
123,2019,Yosemite
124,2019,Big Sur
125,2019,Yosemite
126,2019,Big Sur
127,2019,Big Sur
128,2019,Mt Diablo
129,2019,Yosemite
130,2019,Yosemite
131,2019,Big Sur
132,2019,Big Sur
133,2019,Yosemite
134,2019,Mt Diablo
135,2019,Big Sur
136,2019,Yosemite
137,2019,Yosemite
138,2019,Yosemite
139,2019,Yosemite
140,2019,Big Sur
141,2019,Big Sur
142,2019,Yosemite
143,2019,Yosemite
144,2019,Yosemite
145,2019,Big Sur
146,2019,Big Sur
147,2019,Yosemite
148,2019,Big Sur
149,2019,Mt Diablo
150,2019,Yosemite
151,2019,Mt Diablo
152,2019,Yosemite
153,2019,Mt Diablo
154,2019,Yosemite
155,2019,Yosemite
156,2019,Yosemite
157,2019,Big Sur
158,2019,Big Sur
159,2019,Big Sur
160,2019,Yosemite
161,2019,Big Sur
162,2019,Yosemite
163,2019,Big Sur
164,2019,Mt Diablo
165,2019,Yosemite
166,2019,Yosemite
167,2019,Mt Diablo
168,2019,Yosemite
169,2019,Yosemite
170,2019,Yosemite
171,2019,Mt Diablo
172,2019,Yosemite
173,2019,Big Sur
174,2019,Yosemite
175,2019,Big Sur
176,2019,Yosemite
177,2019,Big Sur
178,2019,Big Sur
179,2019,Yosemite
180,2019,Big Sur
181,2019,Yosemite
182,2019,Mt Diablo
183,2019,Mt Diablo
184,2019,Yosemite
185,2019,Big Sur
186,2019,Yosemite
187,2019,Yosemite
188,2019,Mt Diablo
189,2019,Yosemite
190,2019,Big Sur
191,2019,Yosemite
192,2019,Yosemite
193,2019,Yosemite
194,2019,Yosemite
195,2019,Yosemite
196,2019,Yosemite
197,2019,Mt Diablo
198,2019,Yosemite
199,2019,Mt Diablo
200,2019,Mt Diablo
201,2019,Big Sur
202,2019,Mt Diablo
203,2019,Big Sur
204,2019,Big Sur
205,2019,Mt Diablo
206,2019,Yosemite
207,2019,Big Sur
208,2019,Yosemite
209,2019,Yosemite
210,2019,Yosemite
211,2019,Big Sur
212,2019,Big Sur
213,2019,Yosemite
214,2019,Yosemite
215,2019,Yosemite
216,2019,Mt Diablo
217,2019,Big Sur
218,2019,Yosemite
219,2019,Yosemite
220,2019,Yosemite
221,2019,Yosemite
222,2019,Mt Diablo
223,2019,Yosemite
224,2019,Yosemite
225,2019,Yosemite
226,2019,Big Sur
227,2019,Big Sur
228,2019,Yosemite
229,2019,Big Sur
230,2019,Mt Diablo
231,2019,Big Sur
232,2019,Yosemite
233,2019,Big Sur
234,2019,Big Sur
235,2019,Big Sur
236,2019,Mt Diablo
237,2019,Yosemite
238,2019,Big Sur
239,2019,Big Sur
240,2019,Big Sur
241,2019,Yosemite
242,2019,Big Sur
243,2019,Big Sur
244,2019,Big Sur
245,2019,Big Sur
246,2019,Mt Diablo
247,2019,Yosemite
248,2019,Mt Diablo
249,2019,Big Sur
250,2019,Big Sur
251,2019,Big Sur
252,2019,Yosemite
253,2019,Big Sur
254,2019,Yosemite
255,2019,Yosemite
256,2019,Yosemite
257,2019,Yosemite
258,2019,Big Sur
259,2019,Yosemite
260,2019,Mt Diablo
261,2019,Mt Diablo
262,2019,Mt Diablo
263,2019,Mt Diablo
264,2019,Yosemite
265,2019,Big Sur
266,2019,Big Sur
267,2019,Yosemite
268,2019,Yosemite
269,2019,Yosemite
270,2019,Yosemite
271,2019,Yosemite
272,2019,Yosemite
273,2019,Mt Diablo
274,2019,Big Sur
275,2019,Big Sur
276,2019,Yosemite
277,2019,Yosemite
278,2019,Big Sur
279,2019,Mt Diablo
280,2019,Yosemite
281,2019,Yosemite
282,2019,Big Sur
283,2019,Yosemite
284,2019,Yosemite
285,2019,Yosemite
286,2019,Yosemite
287,2019,Yosemite
288,2019,Big Sur
289,2019,Big Sur
290,2019,Mt Diablo
291,2019,Yosemite
292,2019,Yosemite
293,2019,Yosemite
294,2019,Yosemite
295,2019,Big Sur
296,2019,Yosemite
297,2019,Big Sur
298,2019,Big Sur
299,2019,Mt Diablo
300,2019,Yosemite
301,2019,Yosemite
302,2019,Yosemite
303,2019,Big Sur
304,2019,Yosemite
305,2019,Big Sur
306,2019,Yosemite
307,2019,Big Sur
308,2019,Yosemite
309,2019,Yosemite
310,2019,Big Sur
311,2018,Big Sur
312,2018,Big Sur
313,2018,Yosemite
314,2018,Big Sur
315,2018,Mt Diablo
316,2018,Mt Diablo
317,2018,Yosemite
318,2018,Big Sur
319,2018,Big Sur
320,2018,Big Sur
321,2018,Yosemite
322,2018,Yosemite
323,2018,Mt Diablo
324,2018,Yosemite
325,2018,Yosemite
326,2018,Big Sur
327,2018,Big Sur
328,2018,Big Sur
329,2018,Yosemite
330,2018,Big Sur
331,2018,Yosemite
332,2018,Big Sur
333,2018,Big Sur
334,2018,Yosemite
335,2018,Big Sur
336,2018,Yosemite
337,2018,Yosemite
338,2018,Yosemite
339,2018,Mt Diablo
340,2018,Mt Diablo
341,2018,Yosemite
342,2018,Big Sur
343,2018,Yosemite
344,2018,Big Sur
345,2018,Mt Diablo
346,2018,Big Sur
347,2018,Big Sur
348,2018,Yosemite
349,2018,Yosemite
350,2018,Yosemite
351,2018,Big Sur
352,2018,Yosemite
353,2018,Yosemite
354,2018,Yosemite
355,2018,Big Sur
356,2018,Yosemite
357,2018,Yosemite
358,2018,Mt Diablo
359,2018,Big Sur
360,2018,Big Sur
361,2018,Big Sur
362,2018,Yosemite
363,2018,Yosemite
364,2018,Yosemite
365,2018,Big Sur
366,2018,Big Sur
367,2018,Yosemite
368,2018,Yosemite
369,2018,Yosemite
370,2018,Yosemite
371,2018,Yosemite
372,2018,Mt Diablo
373,2018,Big Sur
374,2018,Yosemite
375,2018,Yosemite
376,2018,Yosemite
377,2018,Yosemite
378,2018,Yosemite
379,2018,Yosemite
380,2018,Big Sur
381,2018,Yosemite
382,2018,Yosemite
383,2018,Yosemite
384,2018,Yosemite
385,2018,Yosemite
386,2018,Yosemite
387,2018,Yosemite
388,2018,Yosemite
389,2018,Yosemite
390,2018,Yosemite
391,2018,Mt Diablo
392,2018,Yosemite
393,2018,Yosemite
394,2018,Big Sur
395,2018,Big Sur
396,2018,Big Sur
397,2018,Yosemite
398,2018,Yosemite
399,2018,Mt Diablo
400,2018,Yosemite
401,2018,Yosemite
402,2018,Yosemite
403,2018,Yosemite
404,2018,Yosemite
405,2018,Big Sur
406,2018,Yosemite
407,2018,Yosemite
408,2018,Big Sur
409,2018,Yosemite
410,2018,Yosemite
411,2018,Mt Diablo
412,2018,Mt Diablo
413,2018,Yosemite
414,2018,Yosemite
415,2018,Mt Diablo
416,2018,Big Sur
417,2018,Yosemite
418,2018,Yosemite
419,2018,Yosemite
420,2018,Mt Diablo
421,2018,Yosemite
422,2018,Mt Diablo
423,2018,Mt Diablo
424,2018,Yosemite
425,2018,Big Sur
426,2018,Big Sur
427,2018,Mt Diablo
428,2018,Mt Diablo
429,2018,Big Sur
430,2018,Big Sur
431,2018,Yosemite
432,2018,Yosemite
433,2018,Big Sur
434,2018,Big Sur
435,2018,Mt Diablo
436,2018,Yosemite
437,2018,Big Sur
438,2018,Big Sur
439,2018,Big Sur
440,2018,Yosemite
441,2018,Yosemite
442,2018,Big Sur
443,2018,Mt Diablo
444,2018,Yosemite
445,2018,Yosemite
446,2018,Big Sur
447,2018,Big Sur
448,2018,Yosemite
449,2018,Big Sur
450,2018,Yosemite
451,2018,Big Sur
452,2018,Mt Diablo
453,2018,Yosemite
454,2018,Yosemite
455,2018,Yosemite
456,2018,Yosemite
457,2018,Big Sur
458,2018,Big Sur
459,2018,Yosemite
460,2018,Yosemite
461,2018,Yosemite
462,2018,Mt Diablo
463,2018,Yosemite
464,2018,Yosemite
465,2018,Big Sur
466,2018,Yosemite
467,2018,Mt Diablo
468,2018,Yosemite
469,2018,Yosemite
470,2018,Yosemite
471,2018,Yosemite
472,2018,Big Sur
473,2018,Yosemite
474,2018,Yosemite
475,2018,Yosemite
476,2018,Mt Diablo
477,2018,Mt Diablo
478,2018,Yosemite
479,2018,Yosemite
480,2018,Yosemite
481,2018,Big Sur
482,2018,Yosemite
483,2018,Big Sur
484,2018,Yosemite
485,2018,Mt Diablo
486,2018,Yosemite
487,2018,Yosemite
488,2018,Big Sur
489,2017,Yosemite
490,2017,Mt Diablo
491,2017,Mt Diablo
492,2017,Big Sur
493,2017,Mt Diablo
494,2017,Yosemite
495,2017,Yosemite
496,2017,Mt Diablo
497,2017,Yosemite
498,2017,Yosemite
499,2017,Yosemite
500,2017,Yosemite
501,2017,Yosemite
502,2017,Big Sur
503,2017,Big Sur
504,2017,Mt Diablo
505,2017,Big Sur
506,2017,Yosemite
507,2017,Yosemite
508,2017,Mt Diablo
509,2017,Big Sur
510,2017,Yosemite
511,2017,Yosemite
512,2017,Big Sur
513,2017,Mt Diablo
514,2017,Mt Diablo
515,2017,Yosemite
516,2017,Yosemite
517,2017,Big Sur
518,2017,Yosemite
519,2017,Big Sur
520,2017,Mt Diablo
521,2017,Big Sur
522,2017,Yosemite
523,2017,Big Sur
524,2017,Big Sur
525,2017,Yosemite
526,2017,Yosemite
527,2017,Mt Diablo
528,2017,Yosemite
529,2017,Yosemite
530,2017,Yosemite
531,2017,Big Sur
532,2017,Yosemite
533,2017,Big Sur
534,2017,Yosemite
535,2017,Yosemite
536,2017,Big Sur
537,2017,Yosemite
538,2017,Mt Diablo
539,2017,Big Sur
540,2017,Yosemite
541,2017,Yosemite
542,2017,Yosemite
543,2017,Yosemite
544,2017,Yosemite
545,2017,Yosemite
546,2017,Mt Diablo
547,2017,Big Sur
548,2017,Big Sur
549,2017,Yosemite
550,2017,Big Sur
551,2017,Big Sur
552,2017,Yosemite
553,2017,Big Sur
554,2017,Yosemite
555,2017,Big Sur
556,2017,Big Sur
557,2017,Yosemite
558,2017,Yosemite
559,2017,Yosemite
560,2017,Mt Diablo
561,2017,Yosemite
562,2017,Mt Diablo
563,2017,Mt Diablo
564,2017,Big Sur
565,2017,Big Sur
566,2017,Mt Diablo
567,2017,Yosemite
568,2017,Mt Diablo
569,2017,Big Sur
570,2017,Big Sur
571,2017,Yosemite
572,2017,Yosemite
573,2017,Yosemite
574,2017,Mt Diablo
575,2017,Big Sur
576,2017,Yosemite
577,2017,Mt Diablo
578,2017,Big Sur
579,2017,Yosemite
580,2017,Mt Diablo
581,2017,Yosemite
582,2017,Yosemite
583,2017,Yosemite
584,2017,Yosemite
585,2017,Yosemite
586,2017,Yosemite
587,2017,Big Sur
588,2017,Big Sur
589,2017,Yosemite
590,2017,Big Sur
591,2017,Yosemite
592,2017,Big Sur
593,2017,Yosemite
594,2017,Yosemite
595,2017,Yosemite
596,2017,Big Sur
597,2017,Big Sur
598,2017,Big Sur
599,2017,Yosemite
600,2017,Yosemite
601,2017,Yosemite
602,2017,Big Sur
603,2017,Yosemite
604,2017,Yosemite
605,2017,Yosemite
606,2017,Yosemite
607,2017,Yosemite
608,2017,Yosemite
609,2017,Big Sur
610,2017,Yosemite
611,2017,Mt Diablo
612,2017,Mt Diablo
613,2017,Mt Diablo
614,2017,Big Sur
615,2017,Mt Diablo
616,2017,Big Sur
617,2017,Big Sur
618,2017,Yosemite
619,2017,Yosemite
620,2017,Yosemite
621,2017,Yosemite
622,2017,Yosemite
623,2017,Yosemite
624,2017,Yosemite
625,2017,Mt Diablo
626,2017,Mt Diablo
627,2017,Mt Diablo
628,2017,Big Sur
629,2017,Mt Diablo
630,2017,Mt Diablo
631,2017,Mt Diablo
632,2017,Yosemite
633,2017,Big Sur
634,2017,Yosemite
635,2017,Yosemite
636,2017,Yosemite
637,2017,Big Sur
638,2017,Mt Diablo
639,2017,Mt Diablo
640,2017,Mt Diablo
641,2017,Yosemite
642,2017,Mt Diablo
643,2017,Yosemite
644,2017,Big Sur
645,2017,Mt Diablo
646,2017,Yosemite
647,2017,Yosemite
648,2017,Yosemite
649,2017,Yosemite
650,2017,Yosemite
651,2017,Yosemite
652,2017,Big Sur
653,2017,Yosemite
654,2017,Yosemite
655,2017,Yosemite
656,2017,Mt Diablo
657,2017,Big Sur
658,2017,Big Sur
659,2017,Yosemite
660,2017,Mt Diablo
661,2017,Yosemite
662,2017,Yosemite
663,2017,Big Sur
664,2017,Big Sur
665,2017,Yosemite
666,2017,Yosemite
667,2017,Yosemite
668,2017,Yosemite
669,2017,Big Sur
670,2017,Big Sur
671,2017,Big Sur
672,2017,Mt Diablo
673,2017,Yosemite
674,2017,Big Sur
675,2017,Yosemite
676,2017,Yosemite
677,2017,Big Sur
678,2017,Yosemite
679,2017,Big Sur
680,2017,Yosemite
681,2017,Yosemite
682,2017,Yosemite
683,2017,Mt Diablo
684,2017,Big Sur
685,2017,Yosemite
686,2017,Yosemite
687,2017,Big Sur
688,2017,Yosemite
689,2017,Big Sur
690,2017,Yosemite
691,2017,Big Sur
692,2017,Yosemite
693,2017,Big Sur
694,2017,Mt Diablo
695,2017,Yosemite
696,2017,Big Sur
697,2017,Yosemite
698,2017,Big Sur
699,2017,Yosemite
700,2017,Yosemite
701,2017,Yosemite
702,2017,Yosemite
703,2017,Yosemite
704,2017,Yosemite
705,2017,Yosemite
706,2017,Yosemite
707,2017,Yosemite
708,2017,Big Sur
709,2017,Yosemite
710,2017,Yosemite
711,2017,Yosemite
712,2017,Mt Diablo
713,2017,Yosemite
714,2017,Big Sur
715,2017,Mt Diablo
716,2017,Yosemite
717,2017,Yosemite
718,2017,Yosemite
719,2017,Yosemite
720,2017,Mt Diablo
721,2017,Big Sur
722,2017,Mt Diablo
723,2017,Big Sur
724,2017,Mt Diablo
725,2017,Mt Diablo
726,2017,Yosemite
727,2017,Big Sur
728,2017,Big Sur
729,2017,Mt Diablo
730,2017,Big Sur
731,2017,Yosemite
732,2017,Big Sur
733,2017,Big Sur
734,2017,Big Sur
735,2017,Yosemite
736,2017,Yosemite
737,2017,Mt Diablo
738,2017,Big Sur
739,2017,Yosemite
740,2017,Yosemite
741,2017,Yosemite
742,2017,Yosemite
743,2017,Yosemite
744,2017,Big Sur
745,2017,Yosemite
746,2017,Big Sur
747,2017,Big Sur
748,2017,Mt Diablo
749,2017,Big Sur
750,2017,Yosemite
751,2017,Yosemite
752,2017,Yosemite
753,2017,Mt Diablo
754,2017,Big Sur
755,2017,Big Sur
756,2017,Yosemite
757,2017,Big Sur
758,2017,Yosemite
759,2017,Yosemite
760,2017,Big Sur
761,2017,Yosemite
762,2017,Big Sur
763,2017,Yosemite
764,2017,Mt Diablo
765,2017,Yosemite
766,2017,Big Sur
767,2016,Big Sur
768,2016,Big Sur
769,2016,Yosemite
770,2016,Big Sur
771,2016,Mt Diablo
772,2016,Yosemite
773,2016,Mt Diablo
774,2016,Yosemite
775,2016,Yosemite
776,2016,Mt Diablo
777,2016,Yosemite
778,2016,Yosemite
779,2016,Mt Diablo
780,2016,Mt Diablo
781,2016,Big Sur
782,2016,Big Sur
783,2016,Big Sur
784,2016,Yosemite
785,2016,Big Sur
786,2016,Yosemite
787,2016,Yosemite
788,2016,Mt Diablo
789,2016,Yosemite
790,2016,Yosemite
791,2016,Big Sur
792,2016,Yosemite
793,2016,Yosemite
794,2016,Yosemite
795,2016,Mt Diablo
796,2016,Yosemite
797,2016,Yosemite
798,2016,Yosemite
799,2016,Big Sur
800,2016,Mt Diablo
801,2016,Big Sur
802,2016,Mt Diablo
803,2016,Big Sur
804,2016,Big Sur
805,2016,Yosemite
806,2016,Yosemite
807,2016,Mt Diablo
808,2016,Yosemite
809,2016,Yosemite
810,2016,Yosemite
811,2016,Big Sur
812,2016,Yosemite
813,2016,Yosemite
814,2016,Mt Diablo
815,2016,Yosemite
816,2016,Yosemite
817,2016,Big Sur
818,2016,Mt Diablo
819,2016,Yosemite
820,2016,Yosemite
821,2016,Yosemite
822,2016,Yosemite
823,2016,Big Sur
824,2016,Mt Diablo
825,2016,Yosemite
826,2016,Yosemite
827,2016,Yosemite
828,2016,Big Sur
829,2016,Yosemite
830,2016,Big Sur
831,2016,Big Sur
832,2016,Yosemite
833,2016,Yosemite
834,2016,Yosemite
835,2016,Mt Diablo
836,2016,Big Sur
837,2016,Big Sur
838,2016,Yosemite
839,2016,Big Sur
840,2016,Yosemite
841,2016,Mt Diablo
842,2016,Big Sur
843,2016,Yosemite
844,2016,Big Sur
845,2016,Yosemite
846,2016,Big Sur
847,2016,Mt Diablo
848,2016,Yosemite
849,2016,Mt Diablo
850,2016,Mt Diablo
851,2016,Yosemite
852,2016,Mt Diablo
853,2016,Yosemite
854,2016,Yosemite
855,2016,Big Sur
856,2016,Yosemite
857,2016,Yosemite
858,2016,Big Sur
859,2016,Yosemite
860,2016,Yosemite
861,2016,Yosemite
862,2016,Big Sur
863,2016,Big Sur
864,2016,Mt Diablo
865,2016,Yosemite
866,2016,Big Sur
867,2016,Big Sur
868,2016,Big Sur
869,2016,Mt Diablo
870,2016,Yosemite
871,2016,Big Sur
872,2016,Big Sur
873,2016,Big Sur
874,2016,Big Sur
875,2016,Mt Diablo
876,2016,Yosemite
877,2016,Yosemite
878,2016,Big Sur
879,2016,Yosemite
880,2016,Big Sur
881,2016,Yosemite
882,2016,Big Sur
883,2016,Big Sur
884,2016,Yosemite
885,2016,Big Sur
886,2016,Mt Diablo
887,2016,Yosemite
888,2016,Big Sur
889,2016,Big Sur
890,2016,Yosemite
891,2016,Big Sur
892,2016,Big Sur
893,2016,Mt Diablo
894,2016,Big Sur
895,2016,Yosemite
896,2016,Mt Diablo
897,2016,Yosemite
898,2016,Big Sur
899,2016,Yosemite
900,2016,Yosemite
901,2016,Yosemite
902,2016,Mt Diablo
903,2016,Mt Diablo
904,2016,Yosemite
905,2016,Big Sur
906,2016,Yosemite
907,2016,Yosemite
908,2016,Yosemite
909,2016,Yosemite
910,2016,Yosemite
911,2016,Yosemite
912,2016,Yosemite
913,2016,Mt Diablo
914,2016,Mt Diablo
915,2016,Yosemite
916,2016,Yosemite
917,2016,Big Sur
918,2016,Yosemite
919,2016,Yosemite
920,2016,Big Sur
921,2016,Mt Diablo
922,2016,Big Sur
923,2016,Big Sur
924,2016,Mt Diablo
925,2016,Big Sur
926,2016,Yosemite
927,2016,Big Sur
928,2016,Mt Diablo
929,2016,Big Sur
930,2016,Yosemite
931,2016,Yosemite
932,2016,Big Sur
933,2016,Big Sur
934,2016,Mt Diablo
935,2016,Big Sur
936,2016,Mt Diablo
937,2016,Yosemite
938,2016,Yosemite
939,2016,Big Sur
940,2016,Big Sur
941,2016,Yosemite
942,2016,Yosemite
943,2016,Mt Diablo
944,2016,Yosemite
945,2016,Mt Diablo
946,2016,Big Sur
947,2016,Mt Diablo
948,2016,Yosemite
949,2016,Mt Diablo
950,2016,Yosemite
951,2016,Big Sur
952,2016,Yosemite
953,2016,Yosemite
954,2016,Mt Diablo
955,2016,Mt Diablo
956,2016,Yosemite
957,2016,Big Sur
958,2016,Yosemite
959,2016,Yosemite
960,2016,Big Sur
961,2016,Yosemite
962,2016,Big Sur
963,2016,Mt Diablo
964,2016,Big Sur
965,2016,Mt Diablo
966,2016,Big Sur
967,2016,Big Sur
968,2016,Yosemite
969,2016,Yosemite
970,2016,Mt Diablo
971,2016,Mt Diablo
972,2016,Big Sur
973,2016,Yosemite
974,2016,Big Sur
975,2016,Big Sur
976,2016,Yosemite
977,2016,Mt Diablo
978,2016,Big Sur
979,2016,Yosemite
980,2016,Mt Diablo
981,2016,Big Sur
982,2016,Big Sur
983,2016,Yosemite
984,2016,Yosemite
985,2016,Yosemite
986,2016,Yosemite
987,2016,Yosemite
988,2016,Big Sur
989,2016,Big Sur
990,2016,Yosemite
991,2016,Mt Diablo
992,2016,Mt Diablo
993,2016,Yosemite
994,2016,Yosemite
995,2016,Big Sur
996,2016,Big Sur
997,2016,Big Sur
998,2016,Big Sur
999,2016,Big Sur
1000,2016,Big Sur
1001,2016,Yosemite
1002,2016,Mt Diablo
1003,2016,Big Sur
1004,2016,Mt Diablo
1005,2016,Yosemite
1006,2016,Yosemite
1007,2016,Big Sur
1008,2016,Yosemite
1009,2016,Big Sur
1010,2016,Mt Diablo
1011,2016,Yosemite
1012,2016,Yosemite
1013,2016,Yosemite
1014,2016,Big Sur
1015,2016,Yosemite
1016,2016,Big Sur
1017,2016,Yosemite
1018,2016,Big Sur
1019,2016,Yosemite
1020,2016,Big Sur
1021,2016,Yosemite
1022,2016,Yosemite
1023,2016,Yosemite
1024,2016,Yosemite
1025,2016,Yosemite
1026,2016,Big Sur
1027,2016,Yosemite
1028,2016,Big Sur
1029,2016,Yosemite
1030,2016,Big Sur
1031,2016,Mt Diablo
1032,2016,Yosemite
1033,2016,Yosemite
1034,2016,Big Sur
1035,2016,Big Sur
1036,2016,Big Sur
1037,2016,Big Sur
1038,2016,Mt Diablo
1039,2016,Big Sur
1040,2016,Yosemite
1041,2016,Mt Diablo
1042,2016,Yosemite
1043,2016,Big Sur
1044,2016,Yosemite
1045,2016,Mt Diablo
1046,2016,Mt Diablo
1047,2016,Mt Diablo
1048,2016,Yosemite
1049,2016,Yosemite
1050,2016,Yosemite
1051,2016,Big Sur
1052,2016,Yosemite
1053,2016,Mt Diablo
1054,2016,Mt Diablo
1055,2016,Yosemite
1056,2016,Big Sur
1057,2016,Yosemite
1058,2016,Yosemite
1059,2016,Yosemite
1060,2016,Yosemite
1061,2016,Big Sur
1062,2016,Mt Diablo
1063,2016,Big Sur
1064,2016,Yosemite
1065,2016,Yosemite
1066,2016,Yosemite
1067,2016,Yosemite
1068,2016,Yosemite
1069,2016,Big Sur
1070,2016,Mt Diablo
1071,2016,Big Sur
1072,2016,Yosemite
1073,2016,Yosemite
1074,2016,Yosemite
1075,2016,Yosemite
1076,2016,Yosemite
1077,2016,Big Sur
1078,2016,Yosemite
1079,2016,Big Sur
1080,2016,Mt Diablo
1081,2016,Yosemite
1082,2016,Yosemite
1083,2016,Yosemite
1084,2016,Yosemite
1085,2016,Yosemite
1086,2016,Yosemite
1087,2016,Mt Diablo
1088,2016,Mt Diablo
1089,2016,Big Sur
1090,2016,Mt Diablo
1091,2016,Mt Diablo
1092,2016,Big Sur
1093,2016,Yosemite
1094,2016,Big Sur
1095,2016,Mt Diablo
1096,2016,Mt Diablo
1097,2016,Mt Diablo
1098,2016,Mt Diablo
1099,2016,Yosemite
1100,2016,Yosemite
1101,2016,Big Sur
1102,2016,Yosemite
1103,2016,Yosemite
1104,2016,Yosemite
1105,2016,Big Sur
1106,2016,Big Sur
1107,2016,Yosemite
1108,2016,Yosemite
1109,2016,Mt Diablo
1110,2016,Big Sur
1111,2016,Big Sur
1112,2016,Yosemite
1113,2016,Yosemite
1114,2016,Yosemite
1115,2016,Yosemite
1116,2016,Mt Diablo
1117,2016,Yosemite
1118,2016,Yosemite
1119,2016,Big Sur
1120,2010,Mt Diablo
